21	38845005	38845005	CA	C
21	38845021	38845021	C	T
21	38845049	38845049	C	A
21	38845052	38845052	C	A
21	38845054	38845054	G	C
21	38845055	38845055	G	A
21	38845069	38845069	G	A
21	38845108	38845108	C	G
21	38845116	38845116	ATA	A
21	38845144	38845144	T	C
21	38850511	38850511	G	GG
21	38850535	38850535	ACCC	ACC
21	38850572	38850572	CT	C
21	38850576	38850576	AT	A
21	38850587	38850587	C	G
21	38852944	38852944	A	T
21	38852957	38852957	GA	G
21	38852961	38852961	C	T
21	38852979	38852979	C	T
21	38852979	38852979	C	T
21	38853004	38853004	AGG	AGGGG
21	38853046	38853046	A	T
21	38853064	38853064	A	AA
21	38853069	38853069	G	T
21	38853069	38853069	G	T
21	38853073	38853073	A	0
21	38853085	38853085	G	T
21	38853100	38853100	C	G
21	38853108	38853108	G	A
21	38853112	38853112	A	G
21	38853114	38853114	G	A
21	38858795	38858795	G	T
21	38858808	38858808	G	C
21	38858808	38858808	G	T
21	38858808	38858808	G	A
21	38858809	38858809	C	T
21	38858809	38858809	C	A
21	38858809	38858809	C	G
21	38858815	38858815	A	G
21	38858815	38858815	A	G
21	38858815	38858815	A	T
21	38858838	38858838	T	C
21	38858850	38858850	G	C
21	38858853	38858853	CAGAT	0
21	38858859	38858859	G	A
21	38858859	38858859	G	C
21	38858865	38858865	C	T
21	38858865	38858865	C	T
21	38858872	38858872	T	C
21	38858909	38858909	C	G
21	38862476	38862476	G	T
21	38862503	38862503	C	T
21	38862503	38862503	C	T
21	38862503	38862503	C	T
21	38862527	38862527	G	A
21	38862546	38862546	T	G
21	38862575	38862575	C	T
21	38862575	38862575	C	T
21	38862575	38862575	C	T
21	38862575	38862575	C	T
21	38862586	38862588	TTT	T
21	38862599	38862599	C	T
21	38862600	38862600	G	A
21	38862611	38862611	C	T
21	38862613	38862613	A	T
21	38862619	38862619	G	A
21	38862627	38862627	C	T
21	38862641	38862641	G	C
21	38862656	38862656	A	AA
21	38862657	38862657	G	A
21	38862671	38862671	G	A
21	38862671	38862671	G	A
21	38862671	38862671	G	T
21	38862672	38862672	A	T
21	38862683	38862683	G	A
21	38862695	38862695	C	T
21	38862725	38862725	A	AT
21	38862731	38862731	G	A
21	38862737	38862737	G	A
21	38862744	38862744	C	T
21	38862751	38862751	G	T
21	38862757	38862757	G	GG
21	38862758	38862758	C	T
21	38862763	38862763	GTAAG	G
21	38865317	38865317	A	G
21	38865323	38865323	A	T
21	38865323	38865323	A	T
21	38865329	38865329	A	T
21	38865329	38865329	A	T
21	38865334	38865334	C	G
21	38865341	38865341	G	A
21	38865349	38865349	C	T
21	38865350	38865350	G	A
21	38865358	38865358	G	A
21	38865383	38865383	A	G
21	38865394	38865394	G	A
21	38865398	38865398	T	C
21	38865403	38865403	T	C
21	38865409	38865409	G	A
21	38865410	38865410	G	A
21	38865421	38865421	G	C
21	38865424	38865424	G	A
21	38865463	38865463	G	A
21	38865466	38865466	G	A
21	38868456	38868456	A	G
21	38868469	38868469	A	G
21	38868526	38868526	C	G
21	38868526	38868526	C	G
21	38868535	38868535	T	TA
21	38868553	38868553	G	GG
21	38877588	38877588	G	TATAC
21	38877655	38877655	C	T
21	38877655	38877655	C	T
21	38877655	38877655	C	T
21	38877659	38877659	G	A
21	38877671	38877671	C	G
21	38877745	38877745	C	T
21	38877746	38877746	G	A
21	38877746	38877746	G	A
21	38877779	38877779	T	0
21	38877833	38877833	CC	C
21	38877837	38877837	C	0
21	38877887	38877887	G	A
21	38878405	38878405	G	T
21	38878440	38878440	T	G
21	38878450	38878450	C	T
21	38878461	38878461	C	T
21	38878524	38878524	C	T
21	38884227	38884227	T	A
21	38884236	38884236	C	G
21	38884253	38884253	A	G
21	38884254	38884254	C	G
21	38884274	38884274	A	G
21	38884305	38884305	C	A
21	38884322	38884322	C	A
21	38884331	38884331	G	A
21	38884376	38884376	C	T
21	38884396	38884396	C	G
21	38884442	38884442	A	G
21	38884443	38884443	A	G
21	38884451	38884451	A	G
21	38884455	38884455	A	G
21	38884484	38884484	G	A
21	38884567	38884567	A	C
21	38884572	38884572	A	G
21	38884626	38884626	A	G
21	38884640	38884640	G	A
21	38884656	38884656	A	T
21	38884682	38884682	A	G
21	38884691	38884691	C	T
21	38884757	38884757	A	T
21	38884793	38884793	A	T
